title,sentence_five,sentence_four,sentence_three,sentence_two,sentence_one,word_five,word_four,word_three,word_two,word_one
【劇介+影評】電影—報告老師!怪怪怪怪物!(有雷慎入),5,3,3,0,1,2,3,1,1,0
【劇介+影評】電影—報告老師!怪怪怪怪物!(有雷慎入),5,3,3,0,1,2,3,1,1,0
【解凍屍篇｜Bluebeard】各懷鬼胎,1,8,18,2,0,2,7,16,5,4
《明日邊界》(Edge of Tomorrow) - 一看完就讓我想重看的片,3,9,2,0,0,3,4,11,7,2
血紅帽,1,4,23,14,0,1,4,9,4,1
[有雷劇介&心得]電影—報告老師！怪怪怪怪物！ ＜誰才是怪物？誰不是壞人？＞,0,3,13,10,0,0,3,15,11,0
《極樂宿舍》，出社會前，就躲在宿舍吧。,7,11,88,77,24,2,8,15,8,1
悟空傳《Wukong》 ,1,15,15,0,0,1,3,7,6,1
[看影集學英文] 最夯美國影集(美劇)推薦及劇情提要(無雷) PART 2 (2018更新),22,45,169,130,41,3,10,48,18,0
【電影《與神同行》──別忘了這是地獄啊！】介紹、心得分析、經典台詞,2,6,5,0,0,0,6,16,8,0
[電影] 我心目中的十大排名韓國電影推薦☞②,13,53,205,83,5,2,27,62,4,3
瘋謎來看我吧 come to see me/nal borowayo (insane),4,13,39,23,3,0,2,5,4,0
會計師 The Accountant-畫作、音樂與電影：「勇者無敵」 自閉症關懷版,6,18,92,48,11,3,11,17,3,1
《血觀音》冷感無愛直到麻木不仁｜影評．心得,5,18,81,55,8,1,7,6,6,0
【電影】還不快看！15部少女必看的浪漫愛情喜劇！,16,32,135,73,28,2,31,107,31,3
報告老師！怪怪怪怪物！：劇情簡介＆人物介紹,1,5,16,4,0,1,2,6,8,1
孩子，這就是西部片→The Lone Ranger：獨行俠,12,51,49,6,4,7,23,22,3,0
《夏日樂悠悠》：到熱帶島嶼戀愛度假吧！,12,48,22,18,0,5,13,10,2,0
【影評】《七月與安生》青春的斷垣殘壁,9,61,39,13,0,10,10,11,4,0
[影評][韓國]★解冰/解凍屍篇해빙(2017)★漢江大橋下另一種令人戰慄的容貌,3,20,27,2,0,1,6,9,1,0
心靈鑰匙‧not stop looking.,7,39,29,3,0,1,15,8,2,0
{Drama)  漢娜的遺言 13 Reasons Why 第二季 (無雷&有雷) 影集心得+ 原聲帶推薦,3,51,89,13,0,6,19,24,0,0
安潔莉娜裘莉 特務間諜 Angelina Jolie (Salt)觀後感,4,13,22,1,0,1,5,10,3,0
真的回不去了  「犀利人妻最終回  幸福男。不難」,10,29,12,6,0,1,8,9,3,0
中華英雄 風雲再起,4,23,33,6,2,0,7,13,1,0
《逃出絕命鎮》分析討論：請多準備幾副茶具,6,46,25,7,0,10,11,9,2,0
女人與鯊-絕鯊島〈The Shallows〉,9,41,32,13,0,1,17,5,5,1
[電影心得]魍美 （有雷劇透）,2,39,33,5,0,0,11,16,6,0
[影評]逃出絕命鎮/Get Out(含暗黑結局) - 為什麼要逼我殺人? ,9,43,32,4,0,3,21,16,1,0
【電影心得】鬼病院-靈異病院,4,40,24,7,1,4,13,17,2,2
"無腦笑點搞得我《一個頭兩個大》（Me, Myself & Irene）",4,3,1,0,1,2,5,2,1,0
[影評] 安打先生 - 臭屁也要有本事,1,8,5,0,0,0,7,2,1,0
[影評] 哈利波特:死神的聖物(下)(Harry Potter and the Deathly Hallows - Part 2),15,17,6,0,0,10,40,23,16,0
【影評】情慾拼圖 / 紅雀,1,1,12,9,5,0,2,5,5,3
[電影賞析] 魍美 Net I die,0,5,7,8,2,1,3,6,3,1
【4★影評】紅雀 - 死，或是成為麻雀。無彩蛋- Red Sparrow (2018),1,5,12,19,4,0,5,7,7,0
【電影】《會計師》- 當心靈捕手遇見捍衛任務,1,8,11,7,1,2,6,6,5,4
《決戰投手丘》：一球一生，一球一死。感動的巨投對決！,2,4,10,7,3,0,5,5,3,1
《意外空間》一撞35年的心靈鬼打牆,3,7,16,9,1,2,4,10,3,2
❙ 影評 ❙【絕鯊島 The Shallows / 鯊灘】歐美 / 劇情片,0,7,8,10,3,1,4,8,7,0
這不是一部恐怖電影　《聚魔櫃》　（The Possession）,0,2,10,4,1,0,3,4,4,0
Go Back夫婦 / 告白夫婦,1,2,12,16,10,0,2,4,8,3
《陀地驅魔人》港式鬼片新經典，不只做好更做到滿出眼淚！,1,13,11,11,3,0,5,7,2,2
【影評】《大佛普拉斯》殺人放火金腰帶，修橋補路無屍骸 @ 影形人 Loner of Shadow :: 痞客邦 ::,6,9,4,0,0,3,13,10,0,0
《天行者》 @ 樂天生．電影日記 :: 痞客邦 ::,4,13,3,0,0,6,22,13,0,0
《台灣‧愛電影》讓我們一起看鈕承澤「愛」吧 ～情人節一定要看三段愛不愛的故事 @ 唯影窩   電影人的窩‧唯影窩 willmovie影評人的酸甜苦辣電影記 :: 痞客邦 ::,1,5,3,1,4,0,9,4,4,5
"楚門的世界(The Truman Show)，觀影心得(有雷) @ 純粹 說。Sincerely, talk :: 痞客邦 ::",6,9,6,3,0,5,17,6,5,2
捕夢網 Dream Catcher @ 老謝的回憶 :: 痞客邦 ::,3,14,2,1,0,0,16,6,2,3
【有雷影評】《1987：黎明到來的那一天》實現民主的力量與希望 @ 如履的電影筆記本 :: 痞客邦 ::,7,9,3,1,1,5,14,6,1,0
[Ghostbusters] 魔鬼剋星~Girl's Power!~ @ 迷妹看電影 :: 痞客邦 ::,0,2,6,0,1,0,0,15,3,4
《媽媽的味噌湯》，謝謝妳出現在我的生命裡。 @ 老子不負責任電影文 :: 痞客邦 ::,6,13,3,1,0,5,16,4,4,0
《只愛陌生人》又名《壞小子》 | 2001 | 南韓 | 金基德 @ 台中盆栽村 何國銘+何永裕+ :: 痞客邦 ::,1,4,4,0,0,0,4,4,1,1
[電影亂哈拉]愛在頭七天...坦然去接受那份愛 @ 聊電影~不營養大雞排的電影窩 :: 痞客邦 ::,4,2,4,0,3,1,6,5,4,3
[電影心得] 奇蹟男孩 Wonder @ 我和天空的悄悄話 :: 痞客邦 ::,10,10,0,1,3,5,14,9,3,3
【橫山家之味】-影評 @ 185電影人 :: 痞客邦 ::,2,7,6,3,0,0,7,6,12,0
吹夢巨人The BFG-人豆（Human Bean)好吃嗎？ @ 泰瑞莎的文字寓 :: 痞客邦 ::,3,15,2,0,0,0,12,14,4,3
[有雷劇介&心得]電影—獵殺星期一 What Happened To Monday ＜多角分飾的科幻片＞ @ 布萊N，夢一間藝文閣樓 :: 痞客邦 ::,2,4,9,2,10,2,9,16,5,6
[電影心得]超越想像的-阿凡達(Avatar) @ Lulu's Happy Blog :: 痞客邦 ::,2,9,3,3,0,2,8,9,6,1
☆【感想】電影《情深到來生My Life》☆ @ ♨ Coffeefly ♨ :: 痞客邦 ::,8,11,1,0,2,5,12,4,1,2
戲說『遠離賭城』～Leaving Las Vegas @ 阿葆的天空 :: 痞客邦 ::,1,12,9,6,2,0,13,10,10,6
《彼岸島》：徹底失敗的悲劇 @ 小嚕：迷路飛行。 :: 痞客邦 ::,2,4,5,2,2,2,6,7,5,0
Defendor 保衛者 - 平凡蠢英雄 @ 人生過程精彩才是重點 :: 痞客邦 ::,3,6,1,1,0,2,10,5,0,0
2017下半年度上映日本電影8部推薦清單 @ 不思議な東京日記 :: 痞客邦 ::,4,9,3,0,0,0,13,9,5,0
Ocean's 13 瞞天過海之十三王牌 @ 阿亞梅 Ayamei。寫字的人 :: 痞客邦 ::,0,6,2,0,0,0,12,5,1,1
「紅磨坊」(Moulin Rouge!) - 華麗的拼貼 @ Lizzy's Film Reviews :: 痞客邦 ::,1,11,4,4,0,3,1,7,7,0
逆倫王朝 思悼八日的記憶 The Throne @ 喬伊電影隨想 :: 痞客邦 ::,9,6,3,1,0,1,4,2,1,0
《妄想代理人》到底什麼最可怕？ @ 阿飛依然不會飛 :: 痞客邦 ::,6,2,0,0,0,0,2,2,0,0
[推薦電影]畫皮 @ 在幸福的時刻會合 :: 痞客邦 ::,10,3,1,3,0,2,6,1,2,0
怪物來敲門 A Monster Calls--說不出口的心情（兼論三個故事寓意） @ 舞影‧艾蜜李~~Emilee's movieland :: 痞客邦 ::,13,11,1,0,0,6,5,3,1,0
曼哈頓練習曲(Begin Again)-“道不同不相為謀”，可惜終究是部好萊塢夢幻電影 @ 泰瑞莎的文字寓 :: 痞客邦 ::,17,12,3,11,1,4,6,6,6,0
《浪蕩沙灘》，欲振乏力，提不起勁。 @ 老子不負責任電影文 :: 痞客邦 ::,0,3,1,7,1,0,2,1,5,1
《下流正義》觀後感：充滿灰色地帶的司法與人性。 @ 艾厲森夢遊仙境 :: 痞客邦 ::,12,7,2,1,0,1,2,2,2,0
兩種「失格」──令人討厭的松子的一生 @ 橘貓【Orange Cat】 :: 痞客邦 ::,6,5,0,0,0,3,2,1,0,0
7500鬼航班 7500 @ 丹尼爾電影生活 :: 痞客邦 ::,2,7,5,6,2,0,2,4,3,1
【電影推薦】淑女鳥 Lady Bird <當淑女鳥找到了青鳥> @ 布萊N，夢一間藝文閣樓 :: 痞客邦 ::,9,9,2,4,0,1,5,2,2,0
【影評人】別相信任何人　　少了關鍵的一句話 @ 24格映像館 :: 痞客邦 ::,2,4,3,8,1,0,2,3,8,0
[Books][Movies] Silver Shadows (Bloodlines) 書評+Vampire Academy (吸血鬼學院) 電影評論 @ biblionatic! :: 痞客邦 ::,20,11,31,7,0,5,8,19,11,5
影評 | 保持通話 @ Act your SIMPLE life!! :: 痞客邦 ::,21,7,3,4,0,2,7,4,3,0
Joy Ride: Dead Ahead　致命玩笑2　 @ ＊ :: 痞客邦 ::,2,0,3,5,1,0,0,1,6,1
金馬53《逐夢棋緣》：不要輕易傾倒國王。 @ 香功堂！！PIXNET :: 痞客邦 ::,8,15,1,0,0,3,4,0,0,0
【電影】力挽狂瀾 The Wrestler @ 思維的交錯點 :: 痞客邦 ::,7,8,1,0,0,1,3,3,4,0
「過於寂靜的喧囂 」---  以暴制暴，無聲勝有聲! @ SJKen 的浮光掠影(影評‧美食‧旅行與創作生活手記) :: 痞客邦 ::,31,7,8,4,0,5,5,3,4,0
【陸劇】老男孩Old Boy │ EP1-5觀後感 @ Dear Han ♥  :: 痞客邦 ::,20,7,4,0,0,1,10,4,5,1
魯冰花 觀後心得 @ 俊藤劍的部落格(痞客邦) :: 痞客邦 ::,5,3,1,0,0,2,2,1,0,0
房客 The Lodgers @ 喬伊電影隨想 :: 痞客邦 ::,1,0,1,4,5,0,1,1,4,1
2018  電影 燃燒烈愛 @ htcalto話很多 :: 痞客邦 ::,5,16,16,13,6,4,10,8,5,4
電影虎蘭花《玩命直播》8.5分 @ 樂晴的腦袋／電影虎蘭花 :: 痞客邦 ::,29,37,31,35,13,14,18,16,20,7
她們的顫慄故事 - 隨筆(懶人包性質) @ 小賴的業餘影評 :: 痞客邦 ::,24,32,29,14,9,11,15,13,9,3
【影評人】《佈局》　　準備好你的對策了嗎 @ 24格映像館 :: 痞客邦 ::,10,17,19,20,16,7,8,11,10,8
電影大道．MOVIE BOULEVARD :: 痞客邦 ::,0,0,0,0,0,2,0,0,0,0
離臺中火車站最近的電影優惠票和展覽票代售處 凱擘 日新 親親 新光 代售 大魯閣 臺中 台中 東區 書局 大里 太平 南區 新時代 @ 萬國書局 國中小參考書 專售店 :: 痞客邦 ::,2,0,0,0,0,9,1,1,0,0
The Great Raid【搶救前線】 @ 小妮子胡言亂語 :: 痞客邦 ::,3,6,0,0,0,1,5,2,2,0
韓國電影2014《國際市場》 強大工具人的一生 @ 雞蛋的世界 :: 痞客邦 ::,2,7,6,0,0,2,12,7,3,0
台中東區【凱擘影城Kbro Cinemas】電影院改裝開幕，新增全台唯一電話亭KTV，迷你KTV讓你就算只有一個人也能放開喉嚨大聲歡唱喔，一首歌只要銅板價20元(文末有開箱試唱影片) @ 水星人的怪咖時代 :: 痞客邦 ::,3,8,1,6,0,2,12,16,17,0
《貼背戰 Tag》--友情無限戰 @ 舞影‧艾蜜李~~Emilee's movieland :: 痞客邦 ::,3,11,1,2,0,1,6,5,3,0
那些年，讓我心跳加速的男人們～（大人物篇-Jeremy Irons） @ Divergence  :: 痞客邦 ::,3,4,1,0,0,13,1,5,1,0
[電影 賞析]間諜橋 (Bridge of Spies.)談判的技巧與說話的藝術，進電影院看這部讓你邊看邊學關鍵技巧！ @ 滿天飛舞的靈感~Hi 我是哈比 :: 痞客邦 ::,0,20,40,18,3,0,4,19,18,11
《追魂7殺》：翻得白眼都累了！ @ 電影大道．MOVIE BOULEVARD :: 痞客邦 ::,0,10,35,9,2,0,4,19,11,6
【有雷影評】《冠軍大叔》手心的溫度 @ 如履的電影筆記本 :: 痞客邦 ::,5,15,15,3,4,2,6,8,2,0
【有雷影評】《噤界》B級製作創造驚悚新境界 @ 如履的電影筆記本 :: 痞客邦 ::,5,32,8,0,0,5,13,14,5,2
《被遺忘的新娘》，比被拋棄更可怕的，是被遺忘。 @ 老子不負責任電影文 :: 痞客邦 ::,7,39,27,11,0,2,11,10,10,3
《霓裳魅影 Phantom Thread》—愛情變奏曲 @ 舞影‧艾蜜李~~Emilee's movieland :: 痞客邦 ::,1,29,35,5,0,1,14,27,12,6
金牌特務Kingsman的倫敦朝聖行（上） @ 風吹草低見牛羊 :: 痞客邦 ::,0,0,0,0,0,1,5,15,7,4
【美劇】《Stranger Things怪奇物語》第一季（1-8集）—穿越異世界黑暗魔力 @ 舞影‧艾蜜李~~Emilee's movieland :: 痞客邦 ::,4,41,27,4,0,2,15,17,9,0
電影 - 芭蕾奇緣 Ballerina 觀後感 @ TS的野獸派部落格 :: 痞客邦 ::,0,5,20,3,0,0,3,10,7,2
《今夜，在浪漫劇場與妳相遇》，謝謝你找到我。 @ 老子不負責任電影文 :: 痞客邦 ::,5,37,22,0,0,6,24,26,13,2
影評：《巴尼正傳》人生是場帷幕落下的影展，只能回顧，無法重播 @ ♀　斯巴達棒棒糖　♂ :: 痞客邦 ::,15,12,16,7,1,3,9,20,18,6
《妳帶走的秘密》Local Girl Missing @ 　　　及時行樂。 :: 痞客邦 ::,14,10,5,0,0,4,5,4,2,4
侏羅紀世界2：殞落國度 Jurassic World 2: Fallen Kingdom @ 喬伊電影隨想 :: 痞客邦 ::,19,15,6,3,0,5,7,7,5,2
傑若米深長不露《巴黎聖羅蘭》加斯帕德神雕見客 @ 海鵬電影 :: 痞客邦 ::,7,12,6,1,0,2,1,8,7,3
[影評]父仇者/Missing You - 這個殺人魔我喜歡 @ LittleDiDi亂靠北 :: 痞客邦 ::,3,20,18,0,0,1,13,18,9,15
影評|【下一個就是你】Urban Legend (舊文重貼) @ Vagabond Humor :: 痞客邦 ::,3,13,18,3,0,0,8,17,11,7
《我的型男老闆》，偏見與歧視還有自我貶低。 @ 老子不負責任電影文 :: 痞客邦 ::,15,11,5,0,0,4,5,13,11,3
《武俠》：改變武俠世界 @ 電影大道．MOVIE BOULEVARD :: 痞客邦 ::,0,9,19,0,0,0,3,21,7,16
【無雷影評】《宿怨》讓媽幫你 @ 電影說輸人 :: 痞客邦 ::,11,12,1,0,1,3,3,5,0,1
心中的小星星(Taare Zameen Par)------學習障礙兒童的心路歷程 @ Steven的外語片世界 :: 痞客邦 ::,17,55,36,7,0,4,13,12,8,1
《帶我去月球》，情懷比情節重要。 @ 老子不負責任電影文 :: 痞客邦 ::,4,24,50,29,23,3,12,17,15,7
「大娛樂家」美國奇幻馬戲團團長 P.T.巴納姆，世界上最棒的表演～觀影心得 The Greatest Showman @ ♧ Ne Ne ♧ 捏捏這個人 :: 痞客邦 ::,11,54,41,1,0,4,16,28,20,8
《人生起跑線 Hindi Medium》--一句話的力量 @ 舞影‧艾蜜李~~Emilee's movieland :: 痞客邦 ::,24,22,5,2,0,9,12,11,6,2
神鬼交鋒 Catch Me If You Can @ 老謝的回憶 :: 痞客邦 ::,8,29,88,2,0,3,12,38,35,4
【試用心得】車庫電影護照  ft.《原罪犯》 @ 如履的電影筆記本 :: 痞客邦 ::,7,8,3,0,0,2,4,3,1,0
144 翠綠暴風 素組 @ berwick1990的部落格 :: 痞客邦 ::,3,5,5,4,2,2,2,4,2,2
【電影心得】一級玩家－懷舊創新迸出精采爽片 @ 圈 圈 的 異 想 世 界 :: 痞客邦 ::,2,7,6,5,5,1,4,3,4,3
【空氣人形】-影評 @ 185電影人 :: 痞客邦 ::,2,6,5,6,4,2,4,3,4,3
《哈佛沒教的幸福課》，看完還是學不會。 @ 老子不負責任電影文 :: 痞客邦 ::,3,4,5,6,3,3,2,3,4,2
第六感追緝令 Basic Instinct @ 喬伊電影隨想 :: 痞客邦 ::,3,3,2,7,3,1,2,1,3,2
[中村明日美子]同級生 電影 觀後感 @ ようちえん :: 痞客邦 ::,4,4,6,7,6,3,2,3,3,3
台場限定販售模型(HG.RG.MG.PG) @ JasperStudio的部落格 :: 痞客邦 ::,0,13,0,0,0,0,6,2,0,0
【噤界｜A Quiet Place】在噤聲的世界裡，有些話不能省 @ Elise murmur一點點心得 :: 痞客邦 ::,0,14,1,0,0,0,3,4,0,0
《羅根》：電影彩蛋總整理！ @ 電影大道．MOVIE BOULEVARD :: 痞客邦 ::,0,19,5,0,0,0,10,7,0,0
《間諜橋》：愛國與賣國的界定，間諜是大時代的犧牲者 @ 愛德華散步 :: 痞客邦 ::,0,35,13,0,0,0,16,1,0,0
Z劇場版　慵懶の浪人青雉庫山登場 @ 小四的公仔亂開箱～ :: 痞客邦 ::,0,1,6,0,0,0,1,9,0,0
[有雷影評]影集─西方極樂園Westworld(第一季) <機器人與人類之間的模糊差異> @ 布萊N，夢一間藝文閣樓 :: 痞客邦 ::,0,8,3,0,0,0,3,3,0,0
【高雄】偶而花點小錢犒賞自己一下，看電影不必人擠人-威秀影城Gold class @ Queena's 真心話大冒險 :: 痞客邦 ::,0,1,6,0,0,0,0,5,0,0
[影評]樓下的房客/The Tenants Downstairs - 我只記得陳小姐 @ LittleDiDi亂靠北 :: 痞客邦 ::,1,33,17,0,0,0,6,3,0,0
獵殺星期一 (What Happened to Monday) @ 談奇述異坊 :: 痞客邦 ::,0,41,19,0,0,1,10,15,0,0
20部躍動人心的好萊塢「喜劇電影」推薦！ @ HIROKING'S PLAZZA :: 痞客邦 ::,2,49,8,0,0,2,5,0,0,0
瞞天過海：十三王牌 ocean's 13 @ 喬伊電影隨想 :: 痞客邦 ::,0,4,5,0,0,0,1,2,0,0
「家有辣嬤」(Georgia Rule) - 愛情喜劇名導翻船作 @ Lizzy's Film Reviews :: 痞客邦 ::,0,16,12,0,0,0,1,6,2,0
【電影】不負責影評之 ~ 痞子英雄首部曲 全面開戰 ~ (含些許劇透) @ 鄭小柔Charlene❤食尚嬉遊記 :: 痞客邦 ::,0,0,15,0,0,0,0,3,6,0
[日本電影]《ミックス。/乒乓少女大逆襲》逃跑雖然可恥但是有用 @ RicGrady的リリココ備忘錄 :: 痞客邦 ::,0,15,7,0,0,0,2,7,0,0
Glitter & Glamours 女帝 波雅．漢考克 Crash Style 登場 @ 小四的公仔亂開箱～ :: 痞客邦 ::,0,26,12,0,0,0,14,8,0,0
【影評】《蜘蛛人：返校日》不需要急著長大 @ 影形人 Loner of Shadow :: 痞客邦 ::,0,33,10,0,0,0,7,7,0,0
《畫皮》愛與責任之相互依存的關係 @ 人生是為了完整而非完美，努力愛神愛自己愛愛我的人，努力給予愛和接受愛 :: 痞客邦 ::,0,2,28,0,0,0,3,15,3,5
因為愛你Carol-如果卡蘿不是同性戀者？ @ 泰瑞莎的文字寓 :: 痞客邦 ::,0,18,5,0,0,0,10,7,0,0
Ｏur town 小城風光＊嘗試劇評 @ 雲成章小品 :: 痞客邦 ::,0,32,2,0,0,1,6,4,0,0
【美劇】Netflix《13 Reasons Why漢娜的遺言》第一季1-13集—無情青春風暴（附原著與電視劇情差異對照） @ 舞影‧艾蜜李~~Emilee's movieland :: 痞客邦 ::,5,13,11,0,0,4,12,4,0,0
【電影】實習大叔 觀後感 @ 119號 小行星 :: 痞客邦 ::,0,7,6,0,0,0,4,4,0,0
[看影集學英文] 最夯美國影集(美劇)推薦及劇情提要(無雷) PART 2 (2018更新) @ JoeBo旅行 :: 痞客邦 ::,0,36,4,0,0,0,23,0,0,0
15部令你重拾童真的「動畫電影」推薦！ @ HIROKING'S PLAZZA :: 痞客邦 ::,5,31,8,0,0,5,7,0,0,0
❙ 影評 ❙【霓虹惡魔 The Neon Demon】歐美 / 劇情、懸疑片 @ ♥ Show Wei 少女心夢工廠 ♥ :: 痞客邦 ::,0,28,12,0,0,0,19,1,0,0
《老師你會不會回來》，我們不會被地震打倒，只會更堅強。 @ 老子不負責任電影文 :: 痞客邦 ::,0,24,6,0,0,0,6,7,0,0
【影評】《神鬼認證：傑森包恩》重出江湖，風霜更濃、包袱更重 @ 影形人 Loner of Shadow :: 痞客邦 ::,0,38,0,0,0,2,4,2,0,0
【奇諾之旅】1/8比例模型「奇諾 精製Ver.」12月14日（四）預購開跑！ @ GOOD SMILE COMPANY台灣官方部落格 :: 痞客邦 ::,0,1,4,0,0,0,6,4,0,0
《紅雀 Red Sparrow》--還保有靈魂 @ 舞影‧艾蜜李~~Emilee's movieland :: 痞客邦 ::,0,48,38,0,0,0,15,7,0,0
【聖鹿之死｜The Killing of a Sacred Deer】不管你信不信，反正我是信了 @ Elise murmur一點點心得 :: 痞客邦 ::,0,79,4,0,0,0,17,0,0,0
何謂電影院中 2D數位版、2D Dolby Atmos (AT)、3D數位版、3D Dolby Atmos (AT3D)、IMAX。誰說IMAX一定要配3D，這都是商人的銷售手法。 @ Xian在進行式─文字是思想的綠洲(旅遊寫作、電影球賽分析、法律小常識) :: 痞客邦 ::,0,18,17,0,0,0,4,8,0,0
【電影】Gattaca (千鈞一髮) . 1997 @ Dindo@銀月谷 :: 痞客邦 ::,0,18,11,0,0,2,5,0,0,0
[有雷劇介&心得]電影──海邊的曼徹斯特Manchester By The Sea <原諒自己，才能撫平傷痛> @ 布萊N，夢一間藝文閣樓 :: 痞客邦 ::,0,34,10,0,0,0,9,2,0,0
電影心得-歡迎來到布達佩斯大飯店The Grand Budapest Hotel @ 全世界都是我的遊樂場 :: 痞客邦 ::,0,16,1,0,0,0,9,2,0,0
"[電影-美國] ∴2017 美國刺客(美國特工),American Assassin,線上看,在線看,高清BD @  布布 :: 痞客邦 ::",0,13,0,0,0,0,2,0,0,0
《激情》：女人總有千千計 @ 電影大道．MOVIE BOULEVARD :: 痞客邦 ::,0,27,0,0,0,0,6,1,0,0
【苗栗】尚順育樂世界 5D奇境體感樂園 全體驗分享~不用飛日本大阪環球影城 就能穿越螢幕身歷其境 @ 捲捲和土豆拿鐵 :: 痞客邦 ::,0,13,5,0,0,0,23,6,0,0
移動城市：克里斯伊凡之外，別忘了達珂塔芬妮！ @ 天空約定的桃花源 :: 痞客邦 ::,0,29,3,0,0,0,16,0,0,0
【新北 樹林電影院】樹林秀泰影城 巨幕廳 @ 貝大小姐與瑞餚姐の囂脂私蜜話 :: 痞客邦 ::,0,11,6,0,0,0,20,0,0,0
《COCO》可可夜總會觀後感 @ 愛種花的熊 :: 痞客邦 ::,0,13,10,0,0,0,1,6,0,0
[台北約會電影院] 大直 美麗華皇家影城：雙人豪華可調式沙發座椅.平板點餐.專人服務.主廚美食(內有菜單) @ Froda生活日記 :: 痞客邦 ::,0,4,6,0,0,0,9,2,0,0
【影評】 我殺死了巨人 I Kill Glants @ 酷兩倍DoubelCool :: 痞客邦 ::,0,8,4,0,0,0,6,4,0,0
《蜘蛛人》：引領風潮的超級英雄 @ 電影大道．MOVIE BOULEVARD :: 痞客邦 ::,0,39,17,0,0,0,11,3,1,0
鬥牌傳說觀後感 @ 正因為活著 :: 痞客邦 ::,0,16,4,0,0,0,2,3,0,0
不負責任影評：《時空線索》（Déjà vu） @ 金桔粒的電影筆記 :: 痞客邦 ::,3,54,0,0,0,3,7,0,0,0
窗外--林青霞的選擇 @ 香功堂！！PIXNET :: 痞客邦 ::,0,29,18,0,0,0,15,12,0,0
【影評人】人型海象　　改造的不只是外表而已（有雷） @ 24格映像館 :: 痞客邦 ::,0,22,6,0,0,0,9,0,0,0
《大佛普拉斯》，這世界本就是不公平的。 @ 老子不負責任電影文 :: 痞客邦 ::,0,9,14,0,0,0,6,2,0,0
【影評人】《瞞天過海：八面玲瓏》　有望入圍金酸莓獎（無雷） @ 24格映像館 :: 痞客邦 ::,0,30,6,0,0,0,4,4,0,0
【到不了的地方】：不好看卻很感人 後勁很可怕… @ 傳播弟的消費理論 :: 痞客邦 ::,0,43,11,0,0,0,7,4,0,0
【有雷影評】《神力女超人》給我完整226套服裝！！！ @ 如履的電影筆記本 :: 痞客邦 ::,0,31,19,0,0,0,9,5,0,0
【無雷影評】《猛龍怪客》忍耐的人可以止息紛爭？ @ 如履的電影筆記本 :: 痞客邦 ::,0,16,7,0,0,0,3,1,0,0
捕夢網  dream catcher @ 喬伊電影隨想 :: 痞客邦 ::,0,14,2,0,0,0,5,1,4,1
被囚禁的音符 @ 嘎眯不搗蛋 :: 痞客邦 ::,2,16,2,0,0,1,4,1,0,0
【會計師】談「情」說「愛」的非典型動作片 @ 我歇斯底里的愛戀 ★電影、音樂、閱讀、人生★ :: 痞客邦 ::,0,24,29,0,0,0,16,6,0,0
真相漩渦/紡紗人 Spinning Man @ 喬伊電影隨想 :: 痞客邦 ::,0,17,0,0,0,0,7,0,0,0
【影集推薦】王冠 The Crown (第二季) <平靜中的湧流，亮麗下的闃黑> @ 布萊N，夢一間藝文閣樓 :: 痞客邦 ::,8,36,31,0,0,1,10,11,16,0
[電影]狼之時刻 Hour of the Wolf(1968) @ 捷瑟敏 :: 痞客邦 ::,0,6,2,0,0,0,2,0,0,0
【深刻入骨To the Bone】【菜逼八影評】每個人都該知道的故事 @ 菜逼八戲劇電影亂講 :: 痞客邦 ::,0,7,3,0,0,0,2,2,0,0
[電影短評]里約大冒險2(Rio2) @ 潛意識漫步空間 :: 痞客邦 ::,0,14,12,0,0,0,5,3,0,0
【電影卡整理】 《我想吃掉你的胰臟》電影VS原著５個相異處＋10句經典台詞 @ 卡西里の電影電玩集散廠• ̀ω•́ :: 痞客邦 ::,10,1,9,10,0,3,1,6,6,0
《不存在的房間》：門開著，就不構成房間。 @ 電影大道．MOVIE BOULEVARD :: 痞客邦 ::,9,4,9,5,1,5,1,5,3,1
"來台北朝代大戲院看個二輪片吧~票價便宜一次看兩部電影才88元 ,位置舒適省錢約會好去處~大台北地區僅存四間二輪電影院阿 @ 馬兒 Pony :: 痞客邦 ::",7,0,6,2,0,5,0,3,3,0
【影評人】《冠軍大叔》　精彩到戲院有人啪啪啪（有雷） @ 24格映像館 :: 痞客邦 ::,3,0,9,6,0,2,0,5,3,0
【影評】重擊防線｜The Last Stand @ 阿玻的畫筆兒 :: 痞客邦 ::,4,0,7,2,0,2,0,3,2,0
《真愛每一天》：人生只有一次，沒有再一次 @ 電影大道．MOVIE BOULEVARD :: 痞客邦 ::,9,0,14,6,1,2,0,8,3,0
"阿拉斯加之死 - Into the Wild @ Alright, Still :: 痞客邦 ::",5,0,11,4,0,3,0,6,5,0
世界奇妙物語25週年秋季2週連續SP～電影導演篇 @ 小孩子的部落格 :: 痞客邦 ::,3,0,12,9,0,3,0,6,5,1
"來勢洶洶P.K.MOD的壹電視網樂通～ @ Nap,Eat,Play :: 痞客邦 ::",5,0,8,8,0,3,0,5,3,0
【影評人】《信徒》　跳脫出《毒戰》的框架（無雷） @ 24格映像館 :: 痞客邦 ::,7,0,10,2,0,3,0,4,4,0
美劇『Deception真偽莫辨/魔幻騙局/眼見為虛』影集版出神入化 @ Claire，我的一百種視界 :: 痞客邦 ::,3,0,6,4,0,3,0,4,4,0
溫柔壞男人 - 烈火悍將(Heat) @ 找個舒服的位置好好活著吧 :: 痞客邦 ::,3,0,2,2,0,2,0,3,2,0
A Perfect Ending @ 拉拉看世界 :: 痞客邦 ::,6,0,7,3,0,4,0,7,4,0
【電影心得】走火入魔，只為一刻。《進擊的鼓手》 @ 百香果多多Jack影視日記 :: 痞客邦 ::,13,0,4,8,0,5,0,5,7,0
不知為何那天去了好高檔的電影院【美麗華大直皇家影城】菜單+心得 @ A菜包的家 :: 痞客邦 ::,10,0,10,5,0,4,0,9,4,0
吹夢巨人The BFG—特調美夢 @ 舞影‧艾蜜李~~Emilee's movieland :: 痞客邦 ::,4,0,6,5,0,2,0,3,5,0
[電影隨想] --- 《俘虜》 @ 凱莉的異想世界。Kylie in Wonderland :: 痞客邦 ::,9,0,11,14,0,6,0,12,11,0
17歲的天空//Formula 17 @ 黑森林是不會把我吞沒的 :: 痞客邦 ::,1,1,4,2,0,1,1,3,1,2
世界是平的影評 @ 容兒的部落格 :: 痞客邦 ::,8,0,2,2,1,3,0,3,2,1
全面封鎖 Unlocked--變相的正義 @ 舞影‧艾蜜李~~Emilee's movieland :: 痞客邦 ::,7,0,9,4,0,3,0,6,5,0
【4★影評】紅雀 - 死，或是成為麻雀。無彩蛋- Red Sparrow (2018) @ ZrcMoviePosts :: 痞客邦 ::,5,3,10,4,0,2,2,9,5,1
[電影]國定殺戮日觀後感(有劇情) @ 城市的休憩小站 :: 痞客邦 ::,4,0,2,5,0,2,0,3,4,0
「幻影殺陣」觀後感 @ 老錢的老巢 :: 痞客邦 ::,7,0,3,8,0,3,0,3,5,0
"惡魔蛙男觀後感(有劇情,雷) @ 城市的休憩小站 :: 痞客邦 ::",1,0,3,2,0,2,0,3,3,0
《恐龍當家》，找尋自己的旅程。 @ 老子不負責任電影文 :: 痞客邦 ::,8,0,5,4,2,4,0,2,3,1
【Les Choristes 放牛班的春天】電影觀後心得 (內有劇透) @ 沒梗Megan's  :: 痞客邦 ::,0,18,6,7,0,1,14,2,0,0
"電影開麥拉~死神遊戲 ""死亡賭注，你 敢不敢玩？"" @ 芒果屋 :: 痞客邦 ::",3,9,4,5,1,0,3,2,1,0
推薦電影《秘果》:劇情簡介+影評 @ Doris的部落格 :: 痞客邦 ::,2,5,5,3,0,1,7,2,1,0
夏子的酒 - 要獲得誇獎很容易。可是讓人感動很難。 @ 小王子的玫瑰花 :: 痞客邦 ::,1,21,12,5,0,1,11,2,0,0
《234說愛你》，在別人的劇本演自己。 @ 老子不負責任電影文 :: 痞客邦 ::,2,2,9,3,0,0,6,1,0,0
鋼鐵墳墓2 Escape Plan 2: Hades @ 喬伊電影隨想 :: 痞客邦 ::,0,1,5,3,0,0,0,2,2,0
《兵乓少女大逆襲》，老闆！來盤麻婆豆腐！ @ 老子不負責任電影文 :: 痞客邦 ::,0,24,15,11,0,0,5,4,0,0
【有雷影評】《復仇者聯盟3：無限之戰》跟薩諾斯尋寶去！ @ 如履的電影筆記本 :: 痞客邦 ::,0,12,11,20,5,0,2,5,5,0
【電影】解凍屍篇 Bluebeard：巧合或真實 @ MoVie x MuZik = Vie. :: 痞客邦 ::,0,10,16,7,0,0,6,2,0,0
觀影有感——雙面君王 @ Gaga舞台 :: 痞客邦 ::,5,22,15,5,0,0,10,1,0,0
香草天空-----一見鍾情最兩極的註解 @ 珍妮花碎碎念 :: 痞客邦 ::,0,3,6,4,0,1,4,1,1,0
【心得】金馬影展~《狼圖騰》Wolf Totem （有雷） @ 糖果貓的都市蓮香園 :: 痞客邦 ::,0,12,4,6,0,0,7,1,0,0
《性福療程》：愛能克服一切 @ 電影大道．MOVIE BOULEVARD :: 痞客邦 ::,1,18,5,7,0,1,4,3,1,0
巴黎遇見愛 (Samba): 看似幸福的結局 @ (MAGNIFY) 放大鏡 :: 痞客邦 ::,8,18,13,3,3,1,10,3,3,0
我的名字叫可汗(My Name Is Khan)-------團體歸屬的衝突情感 @ Steven的外語片世界 :: 痞客邦 ::,1,12,9,20,4,0,9,1,1,0
[推理] 東野圭吾《真夏方程式》 讀後感 @ 若無閒事掛心頭，便是人間好時節 :: 痞客邦 ::,1,14,9,8,2,1,7,1,2,0
《驚聲尖叫／奪命狂呼Scream》第1季觀後談～～ @ 一起品嚐影劇吧！！ :: 痞客邦 ::,1,15,19,7,1,0,3,4,5,1
我的名字叫可汗(My Name Is Khan)-期待太高會有點失望，還有，我猜導演是個歐巴馬迷 @ 泰瑞莎的文字寓 :: 痞客邦 ::,3,14,16,22,7,2,7,3,2,2
《移動城市》觀後感 @ 綺溜屋史 :: 痞客邦 ::,0,1,4,5,0,0,0,1,1,0
《小森食光｜冬春篇》，色香味俱全的療癒電影。 @ 老子不負責任電影文 :: 痞客邦 ::,7,21,6,5,0,2,7,3,0,0
「無人知曉的夏日清晨」：散發惡臭的寶石..... @ 香功堂！！PIXNET :: 痞客邦 ::,0,8,6,17,2,0,5,3,0,0
電影觀後感：神鬼傳奇3(有雷) @ 帥哥看電影 :: 痞客邦 ::,0,4,6,11,3,0,3,3,4,0
聶隱娘：被偷走的那五年 @ 元點文創4Cbook :: 痞客邦 ::,2,4,4,0,0,0,3,2,0,0
[影評]目擊者/Who killed Cock Robin - 在座的各位都是垃圾 @ LittleDiDi亂靠北 :: 痞客邦 ::,1,28,12,25,1,0,12,1,3,0
「竊盜城」(The Town) - 班艾佛列克真適合當導演 @ Lizzy's Film Reviews :: 痞客邦 ::,1,6,7,4,0,3,8,6,5,4
瘋狂的追星族：恐怖拜訪－－Invasion @ E的電影日記之我用電影寫笑話 :: 痞客邦 ::,10,18,10,4,5,12,16,16,13,13
Defendor 保衛者 - 平凡蠢英雄 @ 人生過程精彩才是重點 :: 痞客邦 ::,5,10,5,3,1,6,8,11,6,2
一千零一夜　《昭和感官物語》　（Tatsumi） @ 豺遊民 :: 痞客邦 ::,6,18,11,8,2,7,12,8,11,8
《目擊者》，誰殺了知更鳥？ @ 老子不負責任電影文 :: 痞客邦 ::,15,15,14,3,0,9,16,8,5,1
《心靈小屋》，印地安公主傳說。 @ 老子不負責任電影文 :: 痞客邦 ::,12,15,10,11,0,7,9,9,10,2
電影：黑天鵝 @ 姊姊❉心得報告 :: 痞客邦 ::,7,13,11,2,0,4,14,13,8,4
[電影]另一個地球(Another Earth) @ 艾蜜莉咪咪 :: 痞客邦 ::,2,4,4,3,0,3,3,8,3,7
蘿絲瑪麗的嬰兒：經典恐怖電影《失嬰記》原著小說 @ 嘎眯不搗蛋 :: 痞客邦 ::,5,12,12,7,7,5,14,9,9,8
波西傑克森：神火之賊 @ 大少爺的雲淡風輕 :: 痞客邦 ::,0,6,7,11,0,1,7,6,7,1
好看電影  獵殺星期一　What Happened To Monday @ 甜米的小天地             :: 痞客邦 ::,1,5,5,2,0,2,6,4,6,4
養子不教誰之過：不朽的詹姆士狄恩 @ 酒釀蜂蜜：火爆、刺激、深刻的評價大全。 :: 痞客邦 ::,7,11,14,4,2,2,10,12,4,4
《花芯：背德禁戀》，我想是戀愛吧。 @ 老子不負責任電影文 :: 痞客邦 ::,2,13,7,0,0,5,16,8,2,3
【台中】Gold Class頂級影廳♥台中老虎城威秀影城➔升級舒適座椅x貼心服務設備！看電影好幸福 @ 親親糖果/Lohas♥candy美妝。美食。旅遊 :: 痞客邦 ::,0,7,10,2,0,3,11,16,12,6
[娛樂│電影] 2017電影回顧推薦清單─10部 動作/驚悚/懸疑/爽度 電影推薦 @ 傑夫愛碎念 :: 痞客邦 ::,29,29,19,12,2,31,30,41,27,5
【影評】恐怖拜訪 @ 熱血只有3分鐘熱度的傢伙 :: 痞客邦 ::,1,7,8,2,0,0,8,9,10,4
(韓劇)撲通撲通LOVE 分集劇情+心得分享(第1-2集完結) @ 非零分享 :: 痞客邦 ::,11,26,14,15,2,7,14,13,14,2
聽說桐島退社了-要承認自己是個二流角色，是需要很大勇氣的 @ 泰瑞莎的文字寓 :: 痞客邦 ::,8,13,9,12,1,5,9,5,7,1
【影涉人生】平行宇宙的人不會懂的故事：那些年，我們一起追的女孩（You Are the Apple of My Eye） @ 書寫記憶３.０７ :: 痞客邦 ::,7,14,10,5,3,8,9,11,12,5
《烈火情人》：盲目烈火下的重生 @ 開到荼蘼花事了 :: 痞客邦 ::,3,8,16,8,1,4,4,8,8,4
【小說】列車上的女孩，永遠別相信巧合。 @ Let Me Sing You a Waltz :: 痞客邦 ::,5,12,16,13,1,3,8,9,9,2
神經質的戰爭喜劇《奇愛博士》Dr. Strangelove or: How I Learned to Stop Worrying and Love the Bomb @ 我迷失於四百擊的最後一眼 :: 痞客邦 ::,9,10,11,2,0,4,6,8,3,2
【電影觀後感】空中救援─最強大叔再出擊 @ 帥哥看電影 :: 痞客邦 ::,7,11,25,11,1,3,6,15,12,3
【有雷影評】《與神同行》地獄走一回才知世上的美好 @ 如履的電影筆記本 :: 痞客邦 ::,0,1,5,5,0,1,2,1,4,1
[6.6]戰略迷魂 The Manchurian Candidate.2004 @ 老電影下載 [ Old Movies ] :: 痞客邦 ::,1,2,1,1,0,0,1,0,0,0
[電影心得] 樂來樂愛你 La La Land @ 我和天空的悄悄話 :: 痞客邦 ::,0,2,5,2,0,0,0,5,7,0
[勵志劇情] 十月的天空 (October Sky)~機械工程學系人必看電影 @ 我思故我在 :: 痞客邦 ::,0,0,1,4,1,0,0,0,2,3
《一級玩家 Ready Player One》—現實是唯一的真切（兼論三把鑰匙寓意與電影改編） @ 舞影‧艾蜜李~~Emilee's movieland :: 痞客邦 ::,0,3,9,13,0,0,1,6,9,3
威秀影城票價 大遠百看熱門強片同時幫你省錢 @ 超棒~信用卡海外刷卡回饋免手續費優惠 :: 痞客邦 ::,0,0,0,3,0,0,0,2,1,0
[美國影集]危機邊緣Fringe @ 聊電影~不營養大雞排的電影窩 :: 痞客邦 ::,0,0,6,1,1,2,1,1,3,0
「少年 PI 的奇幻漂流」影評：真正結局大揭密、KUSO第三結局 @ 烏陵土明的世界觀 :: 痞客邦 ::,1,1,4,5,0,0,4,1,3,0
【講座】《血觀音》映後座談：過頭的愛就是控制 @ 書寫夢想‧落實生活 :: 痞客邦 ::,0,2,4,1,1,0,0,1,4,1
非影評-無間道2 精彩絕倫的教父風味 @ EXIT DARK :: 痞客邦 ::,2,8,7,1,0,0,7,5,2,0
電影推薦系列: (五)  香水 嗅覺電視冠軍 @ 愛我乃瑋 :: 痞客邦 ::,0,2,7,2,1,4,2,3,0,0
《還有機會說再見/Before I Fall》讀後心得和觀後感想— 讓每個「普通」的一天，都成為「值得」和「有意義」的一天！ @ Ryan / 小凱的部落格 :: 痞客邦 ::,0,0,1,4,6,1,1,3,5,5
線上付費影音平台使用心得︱Netflix LiTV CatchPlay︱ @ Tracy Yang :: 痞客邦 ::,0,5,10,5,2,1,2,3,7,3
《曼哈頓戀習曲》：整個城市都是我的錄音室 @ 電影大道．MOVIE BOULEVARD :: 痞客邦 ::,0,0,1,12,2,0,0,2,5,5
影評｜《最酷的旅伴》妳的腳和妳的眼睛訴說著故事。 @ 菇菇站長宿舍 :: 痞客邦 ::,0,5,4,2,0,0,3,5,0,0
【電影心得】《一級玩家》Ready Player One｜絕不玩瞎｜ @ 影。酒。作樂。 :: 痞客邦 ::,1,1,5,2,0,1,0,3,0,0
"路走到底了,就轉彎           「阿娜答有點blue」2011/11/28 @ 喬小夫。私領域 :: 痞客邦 ::",4,2,2,0,0,2,4,2,0,0
即刻救援2-不要想太多，開開心心看美國連恩大叔殺光所有穆斯林”壞蛋”就是了 @ 泰瑞莎的文字寓 :: 痞客邦 ::,3,1,0,0,0,2,2,1,0,0
[電影] 沒問題先生 - 人生不設限 @ :::::::Lavender Kitchen:::::{{薰衣草廚房}} :: 痞客邦 ::,6,3,1,0,0,3,6,0,0,0
《怒》－沒有所謂的絕對 @ CharMing的投幣式置物櫃 :: 痞客邦 ::,2,2,1,0,0,2,1,4,0,0
【影評】人生幾何 / 六弄咖啡館 @ 快看有金魚! :: 痞客邦 ::,5,5,0,0,0,6,4,3,0,0
[電影亂哈拉]閨蜜假期...真正的好友，無須偽裝 @ 聊電影~不營養大雞排的電影窩 :: 痞客邦 ::,0,0,0,0,0,4,3,2,0,0
[影評]我的恐怖室友 - Roommate @ LittleDiDi亂靠北 :: 痞客邦 ::,5,2,0,0,0,4,1,0,0,0
《神鬼駭客：史諾登》(Snowden) - 一個愛國者的幻滅 @ Lizzy's Film Reviews :: 痞客邦 ::,3,1,0,0,0,2,2,1,0,0
那些年，我們一起追的女孩-完全顛覆我對九把刀的看法 @ 泰瑞莎的文字寓 :: 痞客邦 ::,5,4,0,0,0,2,4,1,0,0
電影-「飲食男女」觀後心得 @ Lisyre的部落格 :: 痞客邦 ::,6,1,1,0,0,3,2,1,0,0
[有雷影評]電影──歡樂好聲音Sing <別讓恐懼阻止你熱愛的事> @ 布萊N，夢一間藝文閣樓 :: 痞客邦 ::,2,1,2,0,0,2,0,2,0,0
【無雷影評】《貼背戰》不光是場鬼抓人遊戲 @ 如履的電影筆記本 :: 痞客邦 ::,5,1,0,0,0,2,2,1,0,0
《愛情沒有終點》，只有各自的結局。 @ 老子不負責任電影文 :: 痞客邦 ::,5,2,0,0,0,1,4,2,0,0
《尚衣院：衣縷情絲》，隱藏在華服背後的... @ 老子不負責任電影文 :: 痞客邦 ::,2,3,0,0,0,1,2,0,0,0
《因為愛情：在她消失以後》、《因為愛情：在離開他以後》 @ 電影大道．MOVIE BOULEVARD :: 痞客邦 ::,3,2,0,0,0,5,2,3,0,0
"奧斯卡電影大彙整(III):自由之心(12 Years a Slave)-它不是只靠""政治正確""打敗""地心引力""的 @ 泰瑞莎的文字寓 :: 痞客邦 ::",2,3,0,0,0,3,0,4,0,0
(2018台北電影節 )「去他 X 的放蕩青春」--- 我 X 故我在，青春變了調! @ SJKen 的浮光掠影(影評‧美食‧旅行與創作生活手記) :: 痞客邦 ::,5,3,0,0,0,4,1,0,0,0
<電影>靈異航班 Passengers (2008) @ Art Talking :: 痞客邦 ::,3,1,0,0,0,3,1,0,0,0
《下女的誘惑》The Handmaiden @ Gordon高登影想 :: 痞客邦 ::,3,1,0,0,0,2,3,1,0,0
"【電視電影】《愛我請回頭》Love, Lost and Found @ Tangerine John :: 痞客邦 ::",3,1,0,0,0,2,2,0,0,0
[有雷影評]電影─靈魂的重量21 Grams <生命的交會與人性的掙扎> @ 布萊N，夢一間藝文閣樓 :: 痞客邦 ::,3,2,0,0,0,3,0,3,0,0
實習男生存法則(10 Minutes) @ 米娜的靈魂部落 :: 痞客邦 ::,4,2,0,0,0,3,3,1,0,0
[影評]猛鬼1000-House of 1000 Corpses @ LittleDiDi亂靠北 :: 痞客邦 ::,3,0,3,0,0,2,2,1,0,0
天若有情 @ 繼續經營 :: 痞客邦 ::,5,1,0,0,0,2,3,1,0,0
【影評人】《神秘家族》　　 零負評女神終於有負評 @ 24格映像館 :: 痞客邦 ::,3,0,3,0,0,3,2,1,0,0
電影心得......135......鴻孕當頭 @ 重重雷區的網路艦長日誌 :: 痞客邦 ::,3,2,0,0,0,3,2,2,0,0
免費電影線上看---死侍2 Deadpool 2 @ 免費線上看 聲聲的部落格 :: 痞客邦 ::,2,2,0,0,0,1,1,0,0,0
［無雷］2018新春檔期，三部熱門電影心得《黑豹》、《意外》、《水底情深》 @ 凱西跳跳糖の美食旅遊 :: 痞客邦 ::,6,2,2,0,0,6,2,1,0,0
"電影開麥拉~一個娃娃兩個爸 ""他們能不能和別人一樣"" @ 芒果屋 :: 痞客邦 ::",2,2,1,0,0,3,4,0,0,0
[有雷劇介&心得]電影──吃吃的愛Didi's Dream<笑得心酸，哭得由衷，夢得真實> @ 布萊N，夢一間藝文閣樓 :: 痞客邦 ::,5,1,0,0,0,3,3,0,0,0
阿波卡獵逃之觀後感 @ 湯圓的地盤:光合作用-Life & Love :: 痞客邦 ::,3,3,0,0,0,3,2,1,0,0
【影評人】《後來的我們》　我們回不去了（無雷） @ 24格映像館 :: 痞客邦 ::,4,2,0,0,0,2,1,1,0,0
《骨妹》刻骨銘心的時光，與妳。 @ 菇菇站長宿舍 :: 痞客邦 ::,6,1,0,0,0,6,5,0,0,0
【電影心得】《宿怨》Hereditary ｜基因決定命運｜ @ 影。酒。作樂。 :: 痞客邦 ::,3,1,1,0,0,3,1,2,0,0
【影評人】《格雷的五十道陰影：自由》　成也床戲敗也床戲 @ 24格映像館 :: 痞客邦 ::,1,3,0,0,0,3,1,2,0,0
【有雷影評】《血觀音》一叢嬌豔卻萎糜的彼岸花 @ 如履的電影筆記本 :: 痞客邦 ::,2,0,1,4,3,1,0,1,3,2
《厄夢娃娃屋》，有夢最美，希望相隨。 @ 老子不負責任電影文 :: 痞客邦 ::,0,1,3,3,5,0,1,3,2,2
【有雷影評】《愛，不由自主》雖然痛苦，但離開你我活不下去 @ 如履的電影筆記本 :: 痞客邦 ::,0,2,2,0,1,0,1,1,0,2
"【電影】《水底情深》我相信這結局 @ 媽媽, 請買兩隻大象給我 :: 痞客邦 ::",1,3,4,0,2,1,1,2,1,1
[電影] 美國心玫瑰情American Beauty--道德包覆不了的情慾釋放 @ 兔子的電影街 Franzi's Filmewelt :: 痞客邦 ::,0,0,2,6,0,0,0,2,1,2
電影虎蘭花《玩命直播》8.5分 @ 樂晴的腦袋／電影虎蘭花 :: 痞客邦 ::,0,0,1,0,3,0,0,1,1,2
街角的書店 The Bookshop @ 喬伊電影隨想 :: 痞客邦 ::,0,1,1,0,2,0,1,1,0,1
不只是同志電影　《娘子漢大丈夫》　（I Love You Phillip Morris） @ 豺遊民 :: 痞客邦 ::,2,1,2,1,2,2,0,1,1,1
復仇者聯盟三觀後雜感 @ 即興曲-impromptu- :: 痞客邦 ::,0,0,2,0,4,0,0,2,0,3
《幸福湯屋》，日本電影的語言魅力。 @ 老子不負責任電影文 :: 痞客邦 ::,0,2,2,5,0,0,1,3,4,0
2009~2012超紅系列電影<暮光之城1~4> @ ~Fox's Movie Time~ :: 痞客邦 ::,0,0,1,5,0,0,0,1,4,0
電影-《挪威的森林》 @ 金桔粒的電影筆記 :: 痞客邦 ::,0,2,7,2,1,0,2,3,3,3
[影評]禁入廢墟 - The Ruins @ LittleDiDi亂靠北 :: 痞客邦 ::,0,1,1,0,1,0,1,2,0,1
【電影/喜愛】《衝出封鎖線》Behind Enemy Lines @ Tangerine John :: 痞客邦 ::,0,0,1,0,1,0,0,2,0,1
【影評人】《佈局》　　準備好你的對策了嗎 @ 24格映像館 :: 痞客邦 ::,0,0,2,4,0,0,0,3,1,0
《第一次》：愛情的甜蜜與辛酸 @ 電影大道．MOVIE BOULEVARD :: 痞客邦 ::,0,2,4,2,2,0,1,3,3,1
[影評]火線追緝令-Se7en @ LittleDiDi亂靠北 :: 痞客邦 ::,0,2,2,2,5,0,1,4,1,2
《小時代：刺金時代》：真是令人吃驚 @ 電影大道．MOVIE BOULEVARD :: 痞客邦 ::,0,1,5,2,1,2,0,4,1,4
【東京難民】東京社會最底層的求生存的故事 @ 沒什麼！就是生活 :: 痞客邦 ::,0,3,0,0,1,0,1,0,0,1
火線赤子情-一部向洛城警察致敬的電影，不過我好像感受不深 @ 泰瑞莎的文字寓 :: 痞客邦 ::,0,0,2,3,0,0,0,2,2,1
大象的眼淚 - 生命如絢麗馬戲，無奈也輝煌 @ 小王子的玫瑰花 :: 痞客邦 ::,0,2,7,2,1,0,1,4,4,1
[電影] 迪士尼經典動畫卡通系列：風中奇緣 @ jamiefang x 小方的生活觀察筆記。 :: 痞客邦 ::,0,0,4,1,2,0,0,4,1,4
電影心得......131......不能沒有你 感想 @ 重重雷區的網路艦長日誌 :: 痞客邦 ::,0,0,1,1,3,0,0,1,1,2
《道士下山》 @ 我是玩偶，主人是楚門 :: 痞客邦 ::,0,0,4,1,0,0,1,4,1,1
只比想像還要好那麼一點：命運規劃局－－The Adjustment Bureau @ E的電影日記之我用電影寫笑話 :: 痞客邦 ::,0,0,1,6,2,0,0,2,2,3
少年PI的第4個可能! @ 迷霧之光索 :: 痞客邦 ::,0,0,1,0,4,0,0,1,2,2
在黑與白之間分裂→Black Swan：黑天鵝 @ Fun 4 Loving Movie：放肆愛電影 :: 痞客邦 ::,1,1,1,3,2,1,0,1,3,1
大娛樂家The Great Showman-就像一齣精彩的百老匯音樂劇 @ 泰瑞莎的文字寓 :: 痞客邦 ::,4,4,3,1,0,1,2,1,1,2
愛情決勝點(Match Point) ─ 沒有對錯之分，只有倒不倒楣之分 @ Lizzy's Film Reviews :: 痞客邦 ::,0,1,4,1,3,0,1,2,2,3
【電影心得】移動迷宮2：焦土試煉－逃出迷宮後的活屍考驗 @ 圈 圈 的 異 想 世 界 :: 痞客邦 ::,0,0,2,4,1,0,0,2,2,0
危機女王Our Brand is Crisis-不要錯過這部好片 @ 泰瑞莎的文字寓 :: 痞客邦 ::,0,0,0,0,0,0,1,3,0,1
